institute_code,institute_name,university,status_type
01002,"Government College of Engineering, Amravati",Maharashtra State,Approved Institute
01005,"Sant Gadge Baba Amravati University,Amravati",Maharashtra State,Approved Institute
01012,"Government College of Engineering,Yavatmal",Maharashtra State,Approved Institute
01101,"Shri Sant Gajanan Maharaj College of Engineering,Shegaon",Maharashtra State,Approved Institute
01102,"Vidya Bharati Mahavidyalaya Department of Research and PG Studies in Science & Management, Amravati",Maharashtra State,Approved Institute
01105,"Prof. Ram Meghe Institute of Technology & Research, Amravati",Maharashtra State,Approved Institute
01107,"P. R. Pote Patil College of Engineering & Management, Amravati",Maharashtra State,Approved Institute
01111,"P.G. Department of Computer Science & Technology, D.C.P.E., H.V.P. Mandal, Amravati",Maharashtra State,Approved Institute
01113,"Sadhana Shikshan Mandal, Saraswati College, Shegaon",Maharashtra State,Approved Institute
01114,"Sipna Shikshan Prasarak Mandal College of Engineering & Technology, Amravati",Maharashtra State,Approved Institute
01116,"Shri Shivaji Education Society's College of Engineering and Technology, Akola",Maharashtra State,Approved Institute
01117,"Janata Shikshan Prasarak Mandal’s Babasaheb Naik College Of Engineering, Pusad",Maharashtra State,Approved Institute
01119,ANURADHA COLLEGE OF ENGINEERING & TECHNOLOGY,Maharashtra State,Approved Institute
01120,"Jawaharlal Darda Institute of Engineering and Technology, Yavatmal",Maharashtra State,Approved Institute
01121,"Shri Hanuman Vyayam Prasarak Mandals College of Engineering & Technology, Amravati",Maharashtra State,Approved Institute
01123,"Dr.Rajendra Gode Institute of Technology & Research, Amravati",Maharashtra State,Approved Institute
01125,"Dwarka Bahu Uddeshiya Gramin Vikas Foundation, Rajarshi Shahu College of Engineering, Buldhana",Maharashtra State,Approved Institute
01126,"Takshashila Institute of Engineering & Technology, Darapur, Amravati",Maharashtra State,Approved Institute
01127,"Jagadambha Bahuuddeshiya Gramin Vikas Sanstha's Jagdambha College of Engineering and Technology, Yavatmal",Maharashtra State,Approved Institute
01128,"Prof Ram Meghe College of Engineering and Management, Badnera",Maharashtra State,Approved Institute
01130,"Vision Buldhana Educational & Welfare Society's Pankaj Laddhad Institute of Technology & Management Studies, Yelgaon",Maharashtra State,Approved Institute
01180,"Sanmati Engineering College, Sawargaon Barde, Washim",Maharashtra State,Approved Institute
01182,"Padmashri Dr. V.B. Kolte College of Engineering, Malkapur, Buldhana",Maharashtra State,Approved Institute
01265,"Mauli Group of Institutions, College of Engineering and Technology, Shegaon.",Maharashtra State,Approved Institute
01268,"Siddhivinayak Technical Campus, School of Engineering & Research Technology, Shirasgon, Nile",Maharashtra State,Approved Institute
01276,"Manav School of Engineering & Technology, Gut No. 1035 Nagpur Surat Highway, NH No. 6 Tal.Vyala, Balapur, Akola, 444302",Maharashtra State,Approved Institute
01314,SMT RADHADEVI GOENKA COLLEGE FOR WOMEN,Maharashtra State,Approved Institute
02001,"Dr. B. A. M.University Dept. Of Management Science, Aurangabad",Maharashtra State,Approved Institute
02005,"Dr. Babasaheb Ambedkar Marathwada Vidyapeeth,(Aurangabad) Sub Section - Osmanabad",Maharashtra State,Approved Institute
02007,"Swami Ramanand Teerth Marathwada Vidyapeeth, Nanded",Maharashtra State,Approved Institute
02008,"Government College of Engineering, Chhatrapati Sambhajinagar",Maharashtra State,Approved Institute
02015,"PURANMAL LAHOTI GOVERNMENT INSTITUTE OF ENGINEERING AND TECHNOLOGY, LATUR",Maharashtra State,Approved Institute
02020,"Shri Guru Gobind Singhji Institute of Engineering and Technology, Nanded",Maharashtra State,Approved Institute
02021,"University Department of Chemical Technology, Aurangabad",Maharashtra State,Approved Institute
02032,"Institute of Chemical Technology, Mumbai Marathwada off campus, Jalna",Maharashtra State,Approved Institute
02102,"Rajarshi Shahu Institute of Management, Aurangabad",Maharashtra State,Approved Institute
02111,"Everest Education Society, Group of Institutions (Integrated Campus), Ohar",Maharashtra State,Approved Institute
02112,"Shree Yash Pratishthan, Shreeyash College of Engineering and Technology, Aurangabad",Maharashtra State,Approved Institute
02113,"G. S. Mandal's Maharashtra Institute of Technology, Aurangabad",Maharashtra State,Approved Institute
02114,"Deogiri Institute of Engineering and Management Studies, Aurangabad",Maharashtra State,Approved Institute
02115,"Sahyog Sevabhavi Santha's Indira Institute of Management Science, Nanded",Maharashtra State,Approved Institute
02116,"Matoshri Pratishan's Group of Institutions (Integrated Campus), Kupsarwadi , Nanded",Maharashtra State,Approved Institute
02119,"Shree Sharda Bhavan Education Society's Institute of Technology & Management, Nanded",Maharashtra State,Approved Institute
02120,"Dnyanopasak Shikshan Mandal's Institute of Information Technology & Management, Parbhani.",Maharashtra State,Approved Institute
02124,"Maratha Education Society's Institute of Management studies & Information Technology, Aurangabad",Maharashtra State,Approved Institute
02127,"Mahatma Gandhi Missions College of Engineering, Hingoli Rd, Nanded.",Maharashtra State,Approved Institute
02129,"M.S. Bidve Engineering College, Latur",Maharashtra State,Approved Institute
02130,"Terna Public Charitable Trust's College of Engineering, Osmanabad",Maharashtra State,Approved Institute
02131,"Shree Tuljabhavani College of Engineering, Tuljapur",Maharashtra State,Approved Institute
02133,"Mahatma Basaweshwar Education Society's College of Engineering, Ambejogai",Maharashtra State,Approved Institute
02134,"Peoples Education Society's College of Engineering, Aurangabad",Maharashtra State,Approved Institute
02135,"Hi-Tech Institute of Technology, Aurangabad",Maharashtra State,Approved Institute
02136,"Aditya Engineering College , Beed",Maharashtra State,Approved Institute
02137,"Nagnathappa Halge Engineering College, Parli, Beed",Maharashtra State,Approved Institute
02138,"Matsyodari Shikshan Sansatha's College of Engineering and Technology, Jalna",Maharashtra State,Approved Institute
02146,"Adarsh Shikshan Prasarak Mandal's K. T. Patil College of Engineering and Technology, Osmanabad",Maharashtra State,Approved Institute
02189,"Vishweshwarayya Institute Of Engineering And Technology, Almala, Tq. Ausa, Dist. Latur",Maharashtra State,Approved Institute
02250,"Aurangabad College of Engineering, Naygaon Savangi, Aurangabad",Maharashtra State,Approved Institute
02252,"Marathwada Shikshan Prasarak Mandal's Shri Shivaji Institute of Engineering and Management Studies, Parbhani",Maharashtra State,Approved Institute
02254,"Vilasrao Deshmukh Foundation Group of Institutions, Latur",Maharashtra State,Approved Institute
02259,"Shri Sai Institute of Management & Research, Aurangabad",Maharashtra State,Approved Institute
02282,"Mitthulalji Sarada Institute Of Technology, Nalwandi Road, Beed",Maharashtra State,Approved Institute
02508,GRAMIN TECHNICAL AND MANAGEMENT CAMPUS NANDED.,Maharashtra State,Approved Institute
02516,International Centre Of Excellence In Engineering and Management (ICEEM),Maharashtra State,Approved Institute
02519,"Shri V. D. Deshmukh College of MCA, Kolpa Dist. Latur",Maharashtra State,Approved Institute
02522,"STMEI's Sandipani Technical Campus-Faculty of Engineering, Latur.",Maharashtra State,Approved Institute
02533,"CSMSS Chh. Shahu College of Engineering, Aurangabad",Maharashtra State,Approved Institute
02569,"Suraj Institute of Management, Beed",Maharashtra State,Approved Institute
02621,"MDA EDUCATION AND RESEARCH INSTITUTE, KOLPA, LATUR",Maharashtra State,Approved Institute
02622,"Jay Bhavani Institute of Management, Badnapur, Jalna",Maharashtra State,Approved Institute
02633,"Yashodeep Institute of Computer Application, MCA",Maharashtra State,Approved Institute
02634,"Eaglewood Polytechnic Institute, A.P Phulepimpalgaon",Maharashtra State,Approved Institute
02635,"Shri. Sambhaji College of Management & Technology, Degaon Road, Opp. Nadla Digras, Khadkut, Nanded",Maharashtra State,Approved Institute
02637,"Jijau Institute of Engineering Technology and Management, Khandgaon (Bendri), Taluka Naigaon, District Nanded",Maharashtra State,Approved Institute
02641,Dr. V.K. Patil College of Engineering & Technology,Maharashtra State,Approved Institute
02664,"Deogiri College, Chh. Sambhaji Nagar",Maharashtra State,Approved Institute
02665,"Royal Institute of Technical Education, Latur",Maharashtra State,Approved Institute
02666,Mangaldeep College of Engineering,Maharashtra State,Approved Institute
02667,DAYANAND COLLEGE OF COMMERCE LATUR,Maharashtra State,Approved Institute
02672,ARTS SCIENCE AND COMMERCE COLLEGE,Maharashtra State,Approved Institute
02674,MAHARASHTRA MAHAVIDYALAYA NILANGA,Maharashtra State,Approved Institute
02694,JAY BHARAT COLLEGE OF MCA DAPKA TQ.NILANGA DIST LATUR,Maharashtra State,Approved Institute
02695,"MARATHWADA INSTITUTE OF TECHNOLOGY CIDCO ,CHHATRAPATI SAMBHAJINAGAR",Maharashtra State,Approved Institute
02758,Sant Eknath College of Engineering,Maharashtra State,Approved Institute
02770,"Shetkari Shikshan Prasarak Mandal's Mahesh Institute of Engineering and Technology , Ashti",Maharashtra State,Approved Institute
02771,Amolak College of Engineering Kada,Maharashtra State,Approved Institute
02772,JSPM College of Engineering,Maharashtra State,Approved Institute
02777,CDS College of Engineering,Maharashtra State,Approved Institute
02779,NKSPT INSTITUTE OF ENGINEERING AND TECHNOLOGY PATHIKAR CAMPUS,Maharashtra State,Approved Institute
03012,"Veermata Jijabai Technological Institute(VJTI), Matunga, Mumbai",Maharashtra State,Approved Institute
03014,"Sardar Patel College of Engineering, Andheri",Maharashtra State,Approved Institute
03025,Svkm's Shri Bhagubhai Mafatlal Polytechnic & College of Engineering,Maharashtra State,Approved Institute
03032,"S.N.D.T Women's University P.G.D. of Computer Science, Mumbai",Maharashtra State,Approved Institute
03033,"Dr. Babasaheb Ambedkar Technological University, Lonere",Maharashtra State,Approved Institute
03035,"Usha Mittal Institute of Technology SNDT Women's University, Mumbai",Maharashtra State,Approved Institute
03036,"Institute of Chemical Technology, Matunga, Mumbai",Maharashtra State,Approved Institute
03042,"Loknete Shamrao Peje Government College of Engineering, Ratnagiri",Maharashtra State,Approved Institute
03109,"S.I.E.S. College of Management Studies, Mumbai",Maharashtra State,Approved Institute
03117,"Gurunanak Institute of Management Studies, Mumbai",Maharashtra State,Approved Institute
03127,"NCRD's Sterling Institute of Management Studies, Navi Mumbai",Maharashtra State,Approved Institute
03129,"Mumbai Institute of Management & Research, Mumbai",Maharashtra State,Approved Institute
03133,"Swayamsiddhi Mitra Sangh's College of Management & Research, Thane",Maharashtra State,Approved Institute
03135,"Manjara Charitable Trust's Rajiv Gandhi Institute of Technology, Mumbai",Maharashtra State,Approved Institute
03139,"Vidyalankar Institute of Technology,Wadala, Mumbai",Maharashtra State,Approved Institute
03143,"Thakur Shyamnarayan Engineering College, Mumbai",Maharashtra State,Approved Institute
03146,"Jawahar Education Society's Annasaheb Chudaman Patil College of Engineering,Kharghar, Navi Mumbai",Maharashtra State,Approved Institute
03147,"Saraswati Education Society, Yadavrao Tasgaonkar Institute of Engineering & Technology, Karjat",Maharashtra State,Approved Institute
03148,"Mahavir Education Trust's Shah & Anchor Kutchhi Engineering College, Mumbai",Maharashtra State,Approved Institute
03154,"Saraswati Education Society's Saraswati College of Engineering,Kharghar Navi Mumbai",Maharashtra State,Approved Institute
03162,"Bharti Vidyapeeth's Institute of Management & Information Technology, Navi Mumbai",Maharashtra State,Approved Institute
03167,"Mumbai Education Trust's Institute of Computer Science, Bandra (W), Mumbai",Maharashtra State,Approved Institute
03168,"Thakur Institute of Management Studies Career Development & Research, Kandivali (E), Mumbai",Maharashtra State,Approved Institute
03169,"Late Bhausaheb Hiray S. S. Trust's Institute of Computer Application, Bandra (E), Mumbai",Maharashtra State,Approved Institute
03173,"Deccan Education Society's Navinchandra Mehta Institute of Technology & Development, Dadar, Mumbai",Maharashtra State,Approved Institute
03175,"M.G.M.'s College of Engineering and Technology, Kamothe, Navi Mumbai",Maharashtra State,Approved Institute
03176,"Thakur College of Engineering and Technology, Kandivali, Mumbai",Maharashtra State,Approved Institute
03182,"Thadomal Shahani Engineering College, Bandra, Mumbai",Maharashtra State,Approved Institute
03183,"Anjuman-I-Islam's M.H. Saboo Siddik College of Engineering, Byculla, Mumbai",Maharashtra State,Approved Institute
03184,"Fr. Conceicao Rodrigues College of Engineering, Bandra,Mumbai",Maharashtra State,Approved Institute
03185,"Vivekanand Education Society's Institute of Technology, Chembur, Mumbai",Maharashtra State,Approved Institute
03187,"N.Y.S.S.'s Datta Meghe College of Engineering, Airoli, Navi Mumbai",Maharashtra State,Approved Institute
03188,"Vasantdada Patil Pratishthan's College Of Engineering and Visual Arts, Sion, Mumbai",Maharashtra State,Approved Institute
03189,"Bharati Vidyapeeth College of Engineering, Navi Mumbai",Maharashtra State,Approved Institute
03190,"Terna Engineering College, Nerul, Navi Mumbai",Maharashtra State,Approved Institute
03192,"Smt. Indira Gandhi College of Engineering, Navi Mumbai",Maharashtra State,Approved Institute
03193,"Shivajirao S. Jondhale College of Engineering, Dombivali,Mumbai",Maharashtra State,Approved Institute
03194,"Vidyavardhini's College of Engineering and Technology, Vasai",Maharashtra State,Approved Institute
03196,"Lokmanya Tilak College of Engineering, Kopar Khairane, Navi Mumbai",Maharashtra State,Approved Institute
03197,"Agnel Charities' FR. C. Rodrigues Institute of Technology, Vashi, Navi Mumbai",Maharashtra State,Approved Institute
03198,"Konkan Gyanpeeth College of Engineering, Karjat",Maharashtra State,Approved Institute
03199,"Shri Vile Parle Kelvani Mandal's Dwarkadas J. Sanghvi College of Engineering, Vile Parle,Mumbai",Maharashtra State,Approved Institute
03200,"Hope Foundation and research center's Finolex Academy of Management and Technology, Ratnagiri",Maharashtra State,Approved Institute
03201,"Rizvi Education Society's Rizvi College of Engineering, Bandra,Mumbai",Maharashtra State,Approved Institute
03202,Rajendra Mane College of Engineering & Technology Ambav Deorukh,Maharashtra State,Approved Institute
03203,"Atharva College of Engineering,Malad(West),Mumbai",Maharashtra State,Approved Institute
03204,"St. Francis Institute of Technology,Borivali, Mumbai",Maharashtra State,Approved Institute
03206,"S.S.P.M.'s College of Engineering, Kankavli",Maharashtra State,Approved Institute
03207,"Mahatma Education Society's Pillai College of Engineering, New Panvel",Maharashtra State,Approved Institute
03208,"Don Bosco Institute of Technology, Mumbai",Maharashtra State,Approved Institute
03209,K J Somaiya Institute of Technology,Maharashtra State,Approved Institute
03210,"Excelsior Education Society's K.C. College of Engineering and Management Studies and Research, Kopri, Thane (E)",Maharashtra State,Approved Institute
03211,"S.I.E.S. Graduate School of Technology, Nerul, Navi Mumbai",Maharashtra State,Approved Institute
03212,"Watumull Institute of Engineering & Technology, Ulhasnagar",Maharashtra State,Approved Institute
03214,"Xavier Institute Of Engineering C/O Xavier Technical Institute,Mahim,Mumbai",Maharashtra State,Approved Institute
03215,"Bhartiya Vidya Bhavan's Sardar Patel Institute of Technology , Andheri, Mumbai",Maharashtra State,Approved Institute
03216,"Gharda Foundation's Gharda Institute of Technology,Khed, Ratnagiri",Maharashtra State,Approved Institute
03217,"Vighnaharata Trust's Shivajirao S. Jondhale College of Engineering & Technology, Shahapur, Asangaon, Dist Thane",Maharashtra State,Approved Institute
03218,"Aldel Education Trust's St. John College of Engineering & Management, Vevoor, Palghar",Maharashtra State,Approved Institute
03219,"Koti Vidya Charitable Trust's Smt. Alamuri Ratnamala Institute of Engineering and Technology, Sapgaon, Tal. Shahapur",Maharashtra State,Approved Institute
03220,Yadavrao Tasgaonkar College of Engineering & Management,Maharashtra State,Approved Institute
03221,"Vishnu Waman Thakur Charitable Trust's VIVA Institute of Technology, Virar",Maharashtra State,Approved Institute
03222,"Haji Jamaluddin Thim Trust's Theem College of Engineering, At. Villege Betegaon, Boisar",Maharashtra State,Approved Institute
03223,"Mahatma Education Society's Pillai HOC College of Engineering & Technology, Tal. Khalapur. Dist. Raigad",Maharashtra State,Approved Institute
03224,"Leela Education Society, G.V. Acharya Institute of Engineering and Technology, Shelu, Karjat",Maharashtra State,Approved Institute
03257,"Vidya Prasarak Mandal's College of Engineering, Thane",Maharashtra State,Approved Institute
03277,Pravin Rohidas Patil College of Engineering & Technology,Maharashtra State,Approved Institute
03351,"Bharat College of Engineering, Kanhor, Badlapur(W)",Maharashtra State,Approved Institute
03353,"Dilkap Research Institute Of Engineering and Management Studies, At.Mamdapur, Post- Neral, Tal- Karjat, Mumbai",Maharashtra State,Approved Institute
03423,"Shree L.R. Tiwari College of Engineering, Mira Road, Mumbai",Maharashtra State,Approved Institute
03436,"B.R. Harne College of Engineering & Technology, Karav, Tal-Ambernath.",Maharashtra State,Approved Institute
03438,"Aditya Institute of Management Studies & Research, Borivali",Maharashtra State,Approved Institute
03439,"Anjuman-I-Islam's Kalsekar Technical Campus, Panvel",Maharashtra State,Approved Institute
03440,"Metropolitan Institute of Technology & Management, Sukhalwad, Sindhudurg.",Maharashtra State,Approved Institute
03445,"Vishwatmak Jangli Maharaj Ashram Trust (Kokamthan), Atma Malik Institute Of Technology & Research",Maharashtra State,Approved Institute
03447,"G.M.Vedak Institute of Technology, Tala, Raigad.",Maharashtra State,Approved Institute
03460,"Universal College of Engineering,Kaman Dist. Palghar",Maharashtra State,Approved Institute
03462,"VPM's Maharshi Parshuram College of Engineering, Velneshwar, Ratnagiri.",Maharashtra State,Approved Institute
03465,"Ideal Institute of Technology, Wada, Dist.Thane",Maharashtra State,Approved Institute
03467,"Vishwaniketan's Institute of Management Entrepreneurship and Engineering Technology(i MEET), Khalapur Dist Raigad",Maharashtra State,Approved Institute
03470,YASHWANTRAO BHONSALE INSTITUTE OF TECHNOLOGY,Maharashtra State,Approved Institute
03471,"New Horizon Institute of Technology & Management, Thane",Maharashtra State,Approved Institute
03475,"A. P. Shah Institute of Technology, Thane",Maharashtra State,Approved Institute
03477,"Chhartrapati Shivaji Maharaj Institute of Technology, Shedung, Panvel",Maharashtra State,Approved Institute
03503,"Indala College Of Engineering, Bapsai Tal.Kalyan",Maharashtra State,Approved Institute
03539,"St. Wilfred's College of Computer Sciences, Mira Road(E)",Maharashtra State,Approved Institute
03546,Devi Mahalaxmi College of Engineering and Technology,Maharashtra State,Approved Institute
03651,KANDIVLI EDUCATION SOCIETY'S B K SHROFF COLLEGE OF ARTS AND M H SHROFF COLLEGE OF COMMERCE,Maharashtra State,Approved Institute
03723,Navjeevan Education Society's College of Engineering,Maharashtra State,Approved Institute
03724,Thakur Shree DPS College of Engineering & Management,Maharashtra State,Approved Institute
03725,"MAEER's Maharashtra Institute of Technology, Thane",Maharashtra State,Approved Institute
03726,Imperial College of Engineering,Maharashtra State,Approved Institute
04003,"Inter Institutional Computer Center and Dept. of Computer Science & Electronics, RTM Nagpur University",Maharashtra State,Approved Institute
04004,"Government College of Engineering, Chandrapur",Maharashtra State,Approved Institute
04005,"Laxminarayan Institute of Technology, Nagpur",Maharashtra State,Approved Institute
04025,"Government College of Engineering, Nagpur",Maharashtra State,Approved Institute
04104,"Kavi Kulguru Institute of Technology & Science, Ramtek",Maharashtra State,Approved Institute
04115,"Shri Ramdeobaba College of Engineering and Management, Nagpur",Maharashtra State,Approved Institute
04116,"Ankush Shikshan Sanstha's G.H.Raisoni College of Engineering, Nagpur",Maharashtra State,Approved Institute
04118,"Bapurao Deshmukh College of Engineering, Sevagram",Maharashtra State,Approved Institute
04123,"Lokmanya Tilak Jankalyan Shikshan Sanstha, Priyadarshani College of Engineering, Nagpur",Maharashtra State,Approved Institute
04124,"Amar Seva Mandal's Kamla Nehru Mahavidyalaya, Nagpur",Maharashtra State,Approved Institute
04128,"Ranibai Agnihotri Institute of Computer Information Technology, Wardha",Maharashtra State,Approved Institute
04133,"Sanmarg Shikshan Sanstha's Smt. Radhikatai Pandav College of Engineering, Nagpur",Maharashtra State,Approved Institute
04134,"Guru Nanak Institute of Engineering & Technology,Kalmeshwar, Nagpur",Maharashtra State,Approved Institute
04135,"Amar Seva Mandal's Shree Govindrao Vanjari College of Engineering & Technology, Nagpur",Maharashtra State,Approved Institute
04136,"Lokmanya Tilak Jankalyan Shikshan Sastha, Priyadarshini J. L. College Of Engineering, Nagpur",Maharashtra State,Approved Institute
04137,"Sir Shantilal Badjate Charitable Trust's S. B. Jain Institute of technology, Management & Research, Nagpur",Maharashtra State,Approved Institute
04138,"Jaidev Education Society, J D College of Engineering and Management, Nagpur",Maharashtra State,Approved Institute
04139,"Samridhi Sarwajanik Charitable Trust, Jhulelal Institute of Technology, Nagpur",Maharashtra State,Approved Institute
04141,"Shriram Gram Vikas Shikshan Sanstha, Vilasrao Deshmukh College of Engineering and Technology, Nagpur",Maharashtra State,Approved Institute
04142,"G H Raisoni College of Engineering & Management, Nagpur",Maharashtra State,Approved Institute
04143,"Sanmarg Shikshan Sanstha, Mandukarrao Pandav College of Engineering, Bhandara",Maharashtra State,Approved Institute
04144,"Shri. Sai Shikshan Sanstha, Nagpur Institute of Technology, Nagpur",Maharashtra State,Approved Institute
04145,"Wainganga College of Engineering and Management, Dongargaon, Nagpur",Maharashtra State,Approved Institute
04147,"K.D.K. College of Engineering, Nagpur",Maharashtra State,Approved Institute
04151,"Tulsiramji Gaikwad Patil College of Engineering & Technology, Nagpur",Maharashtra State,Approved Institute
04152,"Shri Shivaji Education Society Amravati's Science College (MCA), Nagpur",Maharashtra State,Approved Institute
04153,"Sarvodaya Shikshan Mandal's Sardar Patel Mahavidayalaya, Dept. of Computer Studies & Research, Chandrapur",Maharashtra State,Approved Institute
04157,"V. M. Vasant Commerce, J.M. Thakar Arts & J.J. Patel Science College,Nagpur",Maharashtra State,Approved Institute
04163,Rajiv Gandhi College of Engineering Research & Technology Chandrapur,Maharashtra State,Approved Institute
04167,"Yeshwantrao Chavan College of Engineering,Wanadongri, Nagpur",Maharashtra State,Approved Institute
04172,"Anjuman College of Engineering & Technology, Nagpur",Maharashtra State,Approved Institute
04174,"ST. Vincent Pallotti College of Engineering & Technology, Nagpur",Maharashtra State,Approved Institute
04175,"JMSS Shri Shankarprasad Agnihotri College of Engineering, Wardha",Maharashtra State,Approved Institute
04177,"Priyadarshini Bhagwati College of Engineering, Harpur Nagar, Umred Road,Nagpur",Maharashtra State,Approved Institute
04181,"Swaminarayan Siddhanta Institute Of Technology, Nagpur",Maharashtra State,Approved Institute
04188,"Krushi Jivan Vikas Pratishthan, Ballarpur Institute of Technology, Mouza Bamni",Maharashtra State,Approved Institute
04190,"M.D. Yergude Memorial Shikshan Prasarak Mandal's Shri Sai College of Engineering & Technology, Bhadrawati",Maharashtra State,Approved Institute
04192,"Maitraya Education Society, Nagarjuna Institute of Engineering Technology & Management, Nagpur",Maharashtra State,Approved Institute
04193,"K.D.M. Education Society, Vidharbha Institute of Technology,Umred Road ,Nagpur",Maharashtra State,Approved Institute
04196,"Gurunanak Educational Society's Gurunanak Institute of Technology, Nagpur",Maharashtra State,Approved Institute
04197,"Jai Mahakali Shikshan Sanstha, Agnihotri College of Engineering, Sindhi(Meghe)",Maharashtra State,Approved Institute
04285,"V M Institute of Engineering and Technology, Dongargaon, Nagpur",Maharashtra State,Approved Institute
04302,"Gondia Education Society's Manoharbhai Patel Institute Of Engineering & Technology, Shahapur, Bhandara",Maharashtra State,Approved Institute
04304,"Cummins College of Engineering For Women, Sukhali (Gupchup), Tal. Hingna Hingna Nagpur",Maharashtra State,Approved Institute
04613,"Suryodaya College of Engineering & Technology, Nagpur",Maharashtra State,Approved Institute
04648,"R.V. Parankar College of Engineering & Technology, Arvi, Dist Wardha",Maharashtra State,Approved Institute
04649,"Bajaj Institute of Technology, Wardha",Maharashtra State,Approved Institute
04679,"Karanjekar College of Engineering & Management, Sakoli",Maharashtra State,Approved Institute
04701,"Dr.S.C. Gulhane Prerna College of Management and Technology, Nagpur",Maharashtra State,Approved Institute
04703,"Somayya Institute of Technology, Chandrapur",Maharashtra State,Approved Institute
05002,"Department of Computer Science, North Maharashtra University, Jalgaon",Maharashtra State,Approved Institute
05003,"University Institute of Chemical Technology, North Maharashtra University, Jalgaon",Maharashtra State,Approved Institute
05004,"Government College of Engineering, Jalgaon",Maharashtra State,Approved Institute
05101,"Khandesh College Education Society's Institute of Management & Research, Jalgaon",Maharashtra State,Approved Institute
05102,"Godavari Institute of Management & Research, Jalgaon",Maharashtra State,Approved Institute
05103,"Shri Shivaji Vidya Prasarak Sanstha's Late Bapusaheb Shivaji Rao Deore College of Engineering,Dhule",Maharashtra State,Approved Institute
05104,"Shramsadhana Bombay Trust, College of Engineering & Technology, Jalgaon",Maharashtra State,Approved Institute
05106,"Khandesh College Education Society's College Of Engineering And Management, Jalgaon",Maharashtra State,Approved Institute
05108,"Maratha Vidya Prasarak Samaj's Karmaveer Adv. Baburao Ganpatrao Thakare College Of Engineering, Nashik",Maharashtra State,Approved Institute
05109,"Sandip Foundation, Sandip Institute of Technology and Research Centre, Mahiravani, Nashik",Maharashtra State,Approved Institute
05111,"B. P. Hivale Education Society's Institute of Management Studies Career Development Research, Ahmednagar",Maharashtra State,Approved Institute
05112,"Padmashree Dr. Vithalrao Vikhe Patil Foundation's Institute of Business Management & Rural Development, Ahmednagar",Maharashtra State,Approved Institute
05113,"Nashik District Maratha Vidya Prasarak Samaj's Institute of Management Research & Technology, Nashik",Maharashtra State,Approved Institute
05117,Pirens Institute Of Business Management And Administration (IBMA) Loni (BK),Maharashtra State,Approved Institute
05119,"C.H.M.E. Society's Dr. Moonje Institute for Management & Computer Studies, Nashik",Maharashtra State,Approved Institute
05120,"MET's Institute of Management, Adgaon, Nashik",Maharashtra State,Approved Institute
05121,"K. K. Wagh Institute of Engineering Education and Research, Nashik",Maharashtra State,Approved Institute
05124,"Jagadamba Education Soc. Nashik's S.N.D. College of Engineering & Reserch, Babulgaon",Maharashtra State,Approved Institute
05125,"Pravara Rural Education Society's Sir Visvesvaraya Institute of Technology, Chincholi Dist. Nashik",Maharashtra State,Approved Institute
05130,"Brahma Valley College of Engineering & Research, Trimbakeshwar, Nashik",Maharashtra State,Approved Institute
05131,"C.H.M.E. Society's Dr. Moonje Institute of Management & Information Technology, Nashik",Maharashtra State,Approved Institute
05139,"Pravara Rural College of Engineering, Loni, Pravaranagar, Ahmednagar.",Maharashtra State,Approved Institute
05150,"R.C. Patel Educational Trust, Institute of Management Reasearch & Development, Shirpur",Maharashtra State,Approved Institute
05151,"MET Bhujbal Knowledge City MET League's Engineering College, Adgaon, Nashik.",Maharashtra State,Approved Institute
05152,"G H Raisoni College of Engineering and Management, Jalgaon",Maharashtra State,Approved Institute
05153,"West Khandesh Bhagini Seva Mandal's Dr. Suryakanta R. Ajmera M.C.A. College for Women, Dhule",Maharashtra State,Approved Institute
05160,"Sanjivani Rural Education Society's Sanjivani College of Engineering, Kopargaon",Maharashtra State,Approved Institute
05161,"Dr. Vithalrao Vikhe Patil College of Engineering, Ahmednagar",Maharashtra State,Approved Institute
05162,"Amrutvahini Sheti & Shikshan Vikas Sanstha's Amrutvahini College of Engineering, Sangamner",Maharashtra State,Approved Institute
05164,"P.S.G.V.P. Mandal's D.N. Patel College of Engineering, Shahada, Dist. Nandurbar",Maharashtra State,Approved Institute
05168,"T.M.E. Society's J.T.Mahajan College of Engineering, Faizpur",Maharashtra State,Approved Institute
05169,"Nagaon Education Society's Gangamai College of Engineering, Nagaon, Tal Dist Dhule",Maharashtra State,Approved Institute
05170,"Hindi Seva Mandal's Shri Sant Gadgebaba College of Engineering & Technology, Bhusawal",Maharashtra State,Approved Institute
05171,"Godavari Foundation's Godavari College Of Engineering, Jalgaon",Maharashtra State,Approved Institute
05172,"R. C. Patel Institute of Technology, Shirpur",Maharashtra State,Approved Institute
05173,"SNJB's Late Sau. Kantabai Bhavarlalji Jain College of Engineering, (Jain Gurukul), Neminagar,Chandwad,(Nashik)",Maharashtra State,Approved Institute
05177,"Matoshri College of Engineering and Research Centre, Eklahare, Nashik",Maharashtra State,Approved Institute
05179,"Vishwabharati Academy's College of Engineering, Ahmednagar",Maharashtra State,Approved Institute
05181,"Gokhale Education Society's, R.H. Sapat College of Engineering, Management Studies and Research, Nashik",Maharashtra State,Approved Institute
05182,"Kalyani Charitable Trust, Late Gambhirrao Natuba Sapkal College of Engineering, Anjaneri, Trimbakeshwar Road, Nashik",Maharashtra State,Approved Institute
05184,"Amruta Vaishnavi Education & Welfare Trust's Shatabdi Institute of Engineering & Research, Agaskhind Tal. Sinnar",Maharashtra State,Approved Institute
05223,"SMT. SHARCHCHANDRIKA SURESH PATIL INSTITUTE OF TECHNOLOGY (ENGINEERING & POLYTECHNIC), CHOPDA",Maharashtra State,Approved Institute
05239,JAMIA INSTITUTE OF TECHNOLOGY,Maharashtra State,Approved Institute
05244,"MET's Institute of Technology Polytechnic, Bhujbal Knowledge City, Adgaon Nashik",Maharashtra State,Approved Institute
05249,"Trimurti Shikshan Prasarak Mandal, Trimurti Institute Of Technology, Paladhi Bk, Jalgaon",Maharashtra State,Approved Institute
05256,"Matoshri Education Soceity, Matoshri Asarabai Polytechnic,Nashik",Maharashtra State,Approved Institute
05263,"Matoshri Education Soceity, Matoshri Institute Of Technology, Dhanore, Nashik",Maharashtra State,Approved Institute
05303,"Hon. Shri. Babanrao Pachpute Vichardhara Trust, Group of Institutions (Integrated Campus)-Parikrama, Kashti Shrigondha,",Maharashtra State,Approved Institute
05322,"Jamia Institute Of Engineering And Management Studies, Akkalkuwa",Maharashtra State,Approved Institute
05329,"Samrat Ashok Institute of Computer Management Studies,Chalisgaon",Maharashtra State,Approved Institute
05330,"PUNE VIDYARTHI GRIHA’S COLLEGE OF ENGINEERING & SHRIKRUSHNA S. DHAMANKAR INSTITUTE OF MANAGEMENT, NASHIK",Maharashtra State,Approved Institute
05331,"Sandip Foundation's, Sandip Institute of Engineering & Management, Nashik",Maharashtra State,Approved Institute
05365,"Vardhaman Education & Welfare Society, Ahinsa Institute of Technology, Post. Dondaicha, Dhule",Maharashtra State,Approved Institute
05370,"Kedareshwar Gramin Vikas Pratishthan, Samajbhushan Eknathrao Dhakane College, of Engineering, Shevgaon",Maharashtra State,Approved Institute
05380,"Adsul's Technical Campus, Chas Dist. Ahmednagar",Maharashtra State,Approved Institute
05381,"Shri. Jaykumar Rawal Institute of Technology, Dondaicha.",Maharashtra State,Approved Institute
05382,"Ahmednagar Jilha Maratha Vidya Prasarak Samajache, Shri. Chhatrapati Shivaji Maharaj College of Engineering, Nepti",Maharashtra State,Approved Institute
05385,"Akole Taluka Education Society,s Agasti Institute of Management, Computer Application & Research, Akole, Ahmednagar",Maharashtra State,Approved Institute
05386,"Dr. B.V. Hiray College of Management & Research Centre, Malegaon.",Maharashtra State,Approved Institute
05390,"K.V.N. Naik S. P. Sansth's Loknete Gopinathji Munde Institute of Engineering Education & Research, Nashik.",Maharashtra State,Approved Institute
05395,Ashok Institute of Engineering & Technology,Maharashtra State,Approved Institute
05396,"College of Engineering and Technology ,North Maharashtra Knowledge City, Jalgaon",Maharashtra State,Approved Institute
05399,"Sanghavi College of Engineering, Varvandi, Nashik.",Maharashtra State,Approved Institute
05401,"Jawahar Education Society's Institute of Technology, Management & Research, Nashik.",Maharashtra State,Approved Institute
05408,"Vidya Niketan College of Engineering, Bota Sangamner",Maharashtra State,Approved Institute
05409,"Rajiv Gandhi College of Engineering, At Post Karjule Hariya Tal.Parner, Dist.Ahmednagar",Maharashtra State,Approved Institute
05411,"Maulana Mukhtar Ahmad Nadvi Technical Campus, Malegaon.",Maharashtra State,Approved Institute
05414,"Nikam Institute of Technology(Polytechnic),Dhule",Maharashtra State,Approved Institute
05418,"Guru Gobind Singh College of Engineering & Research Centre, Nashik.",Maharashtra State,Approved Institute
05433,"R.C. Patel College of Engineering and Polytechnic, Shirpur",Maharashtra State,Approved Institute
05449,"Shri Vile Parle Kelavani Mandal's Institute of Technology, Dhule",Maharashtra State,Approved Institute
05497,"P.G. College of Engineering & Technology, Nandurbar",Maharashtra State,Approved Institute
05509,"Shri Swami Samarth Institute of Management and Technology, Malwadi-Bota",Maharashtra State,Approved Institute
05513,"MKD Institute of Technology, Nadurbar",Maharashtra State,Approved Institute
05545,"Shri Vile Parle Kelavani Mandal's College of Engineering, Shirpur",Maharashtra State,Approved Institute
05550,BHUSAWAL ARTS SCIENCE AND P O NAHATA COMMERCE COLLEGE BHUSAWAL,Maharashtra State,Approved Institute
05556,DADASAHEB DR.SURESH G.PATIL COLLEGE CHOPDA,Maharashtra State,Approved Institute
05569,SHRI SHIVAJI VIDYA PRASARAK SANSTHA L.K.DR.P.R.GHOGREY SCIENCE COLLEGE DHULE,Maharashtra State,Approved Institute
05597,VAMANRAO ITHAPE COLLEGE OF ENGINEERING AND MANAGEMENT,Maharashtra State,Approved Institute
05619,COMMERCE MANAGEMENT AND COMPUTER SCIENCE COLLEGE,Maharashtra State,Approved Institute
05665,Vidya Niketan Institute of Management And Computer Applications,Maharashtra State,Approved Institute
05674,"Khandesh Education Society's Institute of Management and Technology, Amalner",Maharashtra State,Approved Institute
06004,"Government College of Engineering & Research, Avasari Khurd",Maharashtra State,Approved Institute
06005,"Government College of Engineering, Karad",Maharashtra State,Approved Institute
06006,COEP Technological University,Maharashtra State,Approved Institute
06007,"Walchand College of Engineering, Sangli",Maharashtra State,Approved Institute
06028,"Department of Technology, Shivaji University, Kolhapur",Maharashtra State,Approved Institute
06029,"Yashwantrao Chavan School of Rural Development, Kolhapur",Maharashtra State,Approved Institute
06031,"Punyashlok Ahilyadevi Holkar Solapur University, Solapur",Maharashtra State,Approved Institute
06033,"Department of Computer Science, Savitribai Phule Pune University, Pune",Maharashtra State,Approved Institute
06036,"Government College of Engineering, Kolhapur",Maharashtra State,Approved Institute
06104,"Dr. D.Y. Patil Unitech Society's Dr. D. Y. Patil Institute of Management & Research, Pimpri",Maharashtra State,Approved Institute
06120,"Shri. Khanderai Pratishthans Dnyansagar Institute of Management and Research, Balewadi, Pune",Maharashtra State,Approved Institute
06122,"TSSMS's Pd. Vasantdada Patil Institute of Technology, Bavdhan, Pune",Maharashtra State,Approved Institute
06129,"Jayawant Shikshan Prasarak Mandal's Jayawant Institute of Management Studies, Tathawade Pune-411033",Maharashtra State,Approved Institute
06135,"Alard Institute of Management Sciences, Pune",Maharashtra State,Approved Institute
06137,"Vidya Pratishthan Institute of Information Technology, Baramati, Pune",Maharashtra State,Approved Institute
06138,"Genba Sopanrao Moze Trust Parvatibai Genba Moze College of Engineering,Wagholi, Pune",Maharashtra State,Approved Institute
06139,"Progressive Education Society's Modern College of Engineering, Pune",Maharashtra State,Approved Institute
06140,"Dnyan Kala Krida & Krishi Prathishtan's Maharashtra Institute of Management, Kalamb, Pune",Maharashtra State,Approved Institute
06141,"Jaywant Shikshan Prasarak Mandal's,Rajarshi Shahu College of Engineering, Tathawade, Pune",Maharashtra State,Approved Institute
06144,"Genba Sopanrao Moze College of Engineering, Baner-Balewadi, Pune",Maharashtra State,Approved Institute
06145,"JSPM'S Jaywantrao Sawant College of Engineering,Pune",Maharashtra State,Approved Institute
06146,"MIT Academy of Engineering,Alandi, Pune",Maharashtra State,Approved Institute
06149,"Siddhant College of Engineering, A/p Sudumbare, Tal.Maval, Dist-Pune",Maharashtra State,Approved Institute
06152,"Zeal Education Society's Zeal Institute of Business Administration, Computer Application and Research, Pune",Maharashtra State,Approved Institute
06154,"Institute of Industrial & Computer Management & Research, Nigdi, Pune",Maharashtra State,Approved Institute
06155,"G.H.Raisoni College of Engineering & Management, Wagholi, Pune",Maharashtra State,Approved Institute
06156,"Marathwada Mitra Mandal's College of Engineering, Karvenagar, Pune",Maharashtra State,Approved Institute
06158,"Rajmata Jijau Shikshan Prasarak Mandal's Institute of Computer and Management Research, Dudulgaon, Pune",Maharashtra State,Approved Institute
06164,"Psd Shastri Educational Foundation's Asma Institute Of Management, Pune",Maharashtra State,Approved Institute
06167,"Kamla Education Society's Pratibha Institute of Business Management, Chinchwad, Pune",Maharashtra State,Approved Institute
06168,"Shikshan Maharshi Dr. D.Y. Patil Centre for Management & Research, Chikhali , Pune",Maharashtra State,Approved Institute
06170,"Abhinav Education Society's Institute of Management and Research, Haveli, Pune",Maharashtra State,Approved Institute
06175,"Pimpri Chinchwad Education Trust, Pimpri Chinchwad College of Engineering, Pune",Maharashtra State,Approved Institute
06177,"Sinhgad College of Engineering, Vadgaon (BK), Pune",Maharashtra State,Approved Institute
06178,"Sinhgad Technical Education Society's Smt. Kashibai Navale College of Engineering,Vadgaon,Pune",Maharashtra State,Approved Institute
06179,"Indira College of Engineering & Management, Pune",Maharashtra State,Approved Institute
06182,"Sinhgad Technical Education Society, Sinhgad Institute of Technology and Science, Narhe (Ambegaon)",Maharashtra State,Approved Institute
06183,"Al-Ameen Educational and Medical Foundation, College of Engineering, Koregaon, Bhima",Maharashtra State,Approved Institute
06184,"K. J.'s Educational Institut Trinity College of Engineering and Research, Pisoli, Haveli",Maharashtra State,Approved Institute
06185,Sinhgad Institute of Technology,Maharashtra State,Approved Institute
06187,"Sinhgad Academy of Engineering, Kondhwa (BK) Kondhwa-Saswad Road, Pune",Maharashtra State,Approved Institute
06201,"Dr. D. Y. Patil School Of MCA, Lohegaon,Pune",Maharashtra State,Approved Institute
06203,"Marathwada Mitra Mandal's Institute of Technology, Lohgaon, Pune",Maharashtra State,Approved Institute
06206,"Pune District Education Association's College of Engineering, Manjari(Bk), Hadapsar, Pune",Maharashtra State,Approved Institute
06207,"Dr. D. Y. Patil Unitech Society's Dr. D. Y. Patil Institute of Technology, Pimpri, Pune",Maharashtra State,Approved Institute
06208,"Deccan Education Society's Chintamanrao Institute of Management Development & Research, Sangli",Maharashtra State,Approved Institute
06212,"KIT's Institute of Management Education & Research, Kolhapur",Maharashtra State,Approved Institute
06213,"Chh. Shahu Institute Of Business Edu And Res Vasantraodada Patil Institute Of Management Studies & Research, Sangli",Maharashtra State,Approved Institute
06214,"K. E. Society's Rajarambapu Institute of Technology, Walwa, Sangli",Maharashtra State,Approved Institute
06217,"Shri. Balasaheb Mane Shikshan Prasarak Mandal's, Ashokrao Mane Group of Institutions",Maharashtra State,Approved Institute
06219,"KSGBS's Bharat- Ratna Indira Gandhi College of Engineering, Kegaon, Solapur",Maharashtra State,Approved Institute
06220,"Shri Vithal Education and Research Institute's College of Engineering, Pandharpur",Maharashtra State,Approved Institute
06222,"Dattajirao Kadam Technical Education Society's Textile & Engineering Institute, Ichalkaranji.",Maharashtra State,Approved Institute
06223,"Pradnya Niketan Education Society's Nagesh Karajagi Orchid College of Engineering & Technology, Solapur",Maharashtra State,Approved Institute
06228,"Dr. D. Y. Patil Pratishthan's D.Y.Patil Institute of Master of Computer Applications and Management, Akurdi, Pune",Maharashtra State,Approved Institute
06231,"Sinhgad Technical Education Society's Sinhgad Institute of Management ,Vadgaon(Budruk),Pune",Maharashtra State,Approved Institute
06232,"Maharashtra Education Society's Institute of Management and Career Courses (IMCC), Pune",Maharashtra State,Approved Institute
06236,"Sinhgad Technical Education Society's , Sinhgad Institute of Business Administration & Research, Kondhawa-Saswad Road, Pune",Maharashtra State,Approved Institute
06239,"Sinhgad Technical Education Society, Sinhgad Institute of Management & Computer Application, Narhe (Ambegaon), Pune",Maharashtra State,Approved Institute
06240,"Siddhant Institute Of Computer Application, Sudambare",Maharashtra State,Approved Institute
06248,"KFS - Krishna Institute of Computer Application & Management, Wathar",Maharashtra State,Approved Institute
06250,"D.Y. Patil College of Engineering and Technology, Kolhapur",Maharashtra State,Approved Institute
06265,"Walchand Institute of Technology, Solapur",Maharashtra State,Approved Institute
06267,"Kolhapur Institute of Technology's College of Engineering(Autonomous), Kolhapur",Maharashtra State,Approved Institute
06268,"Tatyasaheb Kore Institute of Engineering and Technology, Warananagar",Maharashtra State,Approved Institute
06269,"Shetkari Shikshan Mandal's Pad. Vasantraodada Patil Institute of Technology, Budhgaon, Sangli",Maharashtra State,Approved Institute
06270,"Rayat Shikshan Sanstha's Karmaveer Bhaurao Patil College of Engineering, Satara",Maharashtra State,Approved Institute
06271,Pune Institute of Computer Technology,Maharashtra State,Approved Institute
06272,"Dr. D. Y. Patil Pratishthan's D.Y.Patil College of Engineering Akurdi, Pune",Maharashtra State,Approved Institute
06273,"Bansilal Ramnath Agarawal Charitable Trust's Vishwakarma Institute of Technology, Bibwewadi, Pune",Maharashtra State,Approved Institute
06274,"PVG's College of Engineering, Technology & Management",Maharashtra State,Approved Institute
06275,"Shivnagar Vidya Prasarak Mandal's College of Engineering, Malegaon-Baramati",Maharashtra State,Approved Institute
06276,"MKSSS's Cummins College of Engineering for Women, Karvenagar,Pune",Maharashtra State,Approved Institute
06277,"Dr. J. J. Magdum Charitable Trust's Dr. J.J. Magdum College of Engineering, Jaysingpur",Maharashtra State,Approved Institute
06278,"All India Shri Shivaji Memorial Society's College of Engineering, Pune",Maharashtra State,Approved Institute
06281,"Modern Education Society's Wadia College of Engineering, Pune",Maharashtra State,Approved Institute
06282,"All India Shri Shivaji Memorial Society's Institute of Information Technology,Pune",Maharashtra State,Approved Institute
06283,"Annasaheb Dange College of Engineering and Technology, Ashta, Sangli",Maharashtra State,Approved Institute
06284,"Vidya Pratishthan's Kamalnayan Bajaj Institute of Engineering & Technology, Baramati Dist.Pune",Maharashtra State,Approved Institute
06285,"Bharati Vidyapeeth's College of Engineering for Women, Katraj, Dhankawadi, Pune",Maharashtra State,Approved Institute
06288,"Bharati Vidyapeeth's College of Engineering, Kolhapur",Maharashtra State,Approved Institute
06289,"B.R.A.C.T's Vishwakarma Institute of Information Technology, Kondhwa (Bk.), Pune",Maharashtra State,Approved Institute
06293,"Kai Amdar Bramhadevdada Mane Shikshan & Samajik Prathistan's Bramhadevdada Mane Institute of Technology, Solapur",Maharashtra State,Approved Institute
06298,"Zeal Education Society's Zeal College of Engineering & Reserch, Narhe, Pune",Maharashtra State,Approved Institute
06303,"Dr. Ashok Gujar Technical Institute's Dr. Daulatrao Aher College of Engineering, Karad",Maharashtra State,Approved Institute
06304,"Loknete Hanumantrao Charitable Trust's Adarsh Institute of Technology and Research Centre, Vita,Sangli",Maharashtra State,Approved Institute
06305,"Late Narayandas Bhawandas Chhabada Institute of Engineering & Technology, Satara",Maharashtra State,Approved Institute
06307,"Dhole Patil Education Society, Dhole Patil College of Engineering, Wagholi, Tal. Haveli",Maharashtra State,Approved Institute
06308,"Shanti Education Society, A.G. Patil Institute of Technology, Soregaon, Solapur(North)",Maharashtra State,Approved Institute
06310,"Nutan Maharashtra Vidya Prasarak Mandal, Nutan Maharashtra Institute of Engineering &Technology, Talegaon station, Pune",Maharashtra State,Approved Institute
06311,"Jayawant Shikshan Prasarak Mandal, Bhivarabai Sawant Institute of Technology & Research, Wagholi",Maharashtra State,Approved Institute
06313,"Jaywant College of Engineering & Polytechnic , Kille Macchindragad Tal. Walva District- Sangali",Maharashtra State,Approved Institute
06315,Sanjeevan Group of Institutions,Maharashtra State,Approved Institute
06317,"Sharad Institute of Technology College of Engineering, Yadrav(Ichalkaranji)",Maharashtra State,Approved Institute
06318,"Abhinav Education Society's College of Engineering and Technology (Degree), Wadwadi",Maharashtra State,Approved Institute
06319,"Shahajirao Patil Vikas Pratishthan, S.B.Patil College of Engineering, Vangali, Tal. Indapur",Maharashtra State,Approved Institute
06320,"K.J.'s Educational Institute's K.J.College of Engineering & Management Research, Pisoli",Maharashtra State,Approved Institute
06321,"Vidya Vikas Pratishthan Institute of Engineering and Technology, Solapur",Maharashtra State,Approved Institute
06322,"Shree Gajanan Maharaj Shikshan Prasarak Manda'l Sharadchandra Pawar College of Engineering, Dumbarwadi",Maharashtra State,Approved Institute
06324,Rajgad Technical Campus,Maharashtra State,Approved Institute
06325,"Alard Charitable Trust's Alard College of Engineering and Management, Pune",Maharashtra State,Approved Institute
06326,Karmayogi Institute of Technology,Maharashtra State,Approved Institute
06402,"NEW INSTITUTE OF TECHNOLOGY,KOLHAPUR",Maharashtra State,Approved Institute
06419,"Nutan College of Engineering and Research, Talegaon Dabhade Tal. Maval, Pune",Maharashtra State,Approved Institute
06444,"Shriram Institute Of Engineering & Technology, (Poly), Paniv",Maharashtra State,Approved Institute
06466,"Shree Santkrupa Shikshan Sanstha, Shree Santkrupa Institute Of Engineering & Technology, Karad",Maharashtra State,Approved Institute
06467,"Swami Vivekanand Institute Of Technology, Solapur",Maharashtra State,Approved Institute
06468,"Swami Vivekananda Shikshan Sanstha, Dr. Bapuji Salunkhe Institute Of Engineering & Technology,Kolhapur",Maharashtra State,Approved Institute
06545,"Samarth Education Trust's Arvind Gavali College Of Engineering Panwalewadi, Varye,Satara.",Maharashtra State,Approved Institute
06547,"Suryadatta Educational Foundation, Suryadatta Institute of Management and Mass Communication, Pune",Maharashtra State,Approved Institute
06548,"Suryadatta Educational Foundation, Suryadatta Institute of Business Management and Technology, Pune",Maharashtra State,Approved Institute
06609,"Jaihind College Of Engineering,Kuran",Maharashtra State,Approved Institute
06614,"Sadhu Vaswani Institute Of Management Studies For Girls, Koregaon, Pune",Maharashtra State,Approved Institute
06622,ISBM College Of Engineering Pune,Maharashtra State,Approved Institute
06625,"Universal College of Engineering & Research, Sasewadi",Maharashtra State,Approved Institute
06628,"Dattakala Group Of Institutions, Swami - Chincholi Tal. Daund Dist. Pune",Maharashtra State,Approved Institute
06632,Navsahyadri Education Society's Group of Institutions,Maharashtra State,Approved Institute
06634,"KJEI's Trinity Academy of Engineering, Yewalewadi, Pune",Maharashtra State,Approved Institute
06635,Samarth College of Engineering and Management,Maharashtra State,Approved Institute
06640,"N. B. Navale Sinhgad College of Engineering, Kegaon, solapur",Maharashtra State,Approved Institute
06643,"S K N Sinhgad College of Engineering, Korti Tal. Pandharpur Dist Solapur",Maharashtra State,Approved Institute
06644,"Shri. Ambabai Talim Sanstha's Sanjay Bhokare Group of Institutes, Miraj",Maharashtra State,Approved Institute
06649,"TSSM's Bhivarabai Sawant College of Engineering and Research, Narhe, Pune",Maharashtra State,Approved Institute
06714,"APPASAHEB ALIAS SA.RE.PATIL INSTITUTE OF TECHNOLOGY, Dattanagar Tal-Shirol, Dist Kolhapur",Maharashtra State,Approved Institute
06715,Babasaheb Phadtare Engineering & Technology Kalamb-Walchandnagar Tal Indapur Dist Pune,Maharashtra State,Approved Institute
06732,"Ajeenkya DY Patil School of Engineering, Lohegaon, Pune",Maharashtra State,Approved Institute
06754,"International Institute of Information Technology (I²IT), Pune.",Maharashtra State,Approved Institute
06755,"JSPM Narhe Technical Campus, Pune.",Maharashtra State,Approved Institute
06756,"Fabtech Technical Campus College of Engineering and Research, Sangola",Maharashtra State,Approved Institute
06757,"Yashoda Technical Campus, Wadhe, Satara.",Maharashtra State,Approved Institute
06758,"Sahyadri Valley College of Engineering & Technology, Rajuri, Pune.",Maharashtra State,Approved Institute
06759,"Shree Ramchandra College of Engineering, Lonikand,Pune",Maharashtra State,Approved Institute
06762,"Nanasaheb Mahadik College of Engineering,Walwa, Sangli.",Maharashtra State,Approved Institute
06766,Phaltan Education Society's College of Engineering Thakurki Tal- Phaltan Dist-Satara,Maharashtra State,Approved Institute
06767,"Suman Ramesh Tulsiani Technical Campus: Faculty of Engineering, Kamshet,Pune.",Maharashtra State,Approved Institute
06768,"P.K. Technical Campus, Pune.",Maharashtra State,Approved Institute
06769,"Rasiklal M. Dhariwal Sinhgad Technical Institutes Campus, Warje, Pune.",Maharashtra State,Approved Institute
06770,"SKN Sinhgad Institute of Technology & Science, Kusgaon(BK),Pune.",Maharashtra State,Approved Institute
06771,"Flora Institute of Technology, Khopi, Near Khed Shivapur Toll Plaza, Pune",Maharashtra State,Approved Institute
06772,"NBN Sinhgad Technical Institutes Campus, Pune",Maharashtra State,Approved Institute
06775,"Yashaswi Education Society's International Institute of Management Science, Chinchwad, Pune",Maharashtra State,Approved Institute
06780,"D.Y.Patil Education Society's,D.Y.Patil Technical Campus, Faculty of Engineering & Faculty of Management,Talsande,Kolhapur.",Maharashtra State,Approved Institute
06781,"Bhagwant Institute of Technology, Barshi",Maharashtra State,Approved Institute
06782,"Sahakar Maharshee Shankarrao Mohite Patil Institute of Technology & Research, Akluj",Maharashtra State,Approved Institute
06794,"Anantrao Pawar College of Engineering & Research, Pune",Maharashtra State,Approved Institute
06795,"Shri.Someshwar Shikshan Prasarak Mandal, Sharadchandra Pawar College of Engineering & Technology, Someshwar Nagar",Maharashtra State,Approved Institute
06796,"Bharati Vidyapeeth's College of Engineering,Lavale, Pune",Maharashtra State,Approved Institute
06797,"Dnyanshree Institute Engineering and Technology, Satara",Maharashtra State,Approved Institute
06799,"Shivganga Charitable Trust, Sangli Vishveshwarya Technical Campus, Faculty of Diploma Engineering, Patgaon, Miraj",Maharashtra State,Approved Institute
06802,"Dr. D.Y.Patil Institute of Engineering, Management & Reseach, Akurdi, Pune",Maharashtra State,Approved Institute
06803,"Sant Gajanan Maharaj College of Engineering, Gadhinglaj",Maharashtra State,Approved Institute
06808,"Keystone School of Engineering, Pune",Maharashtra State,Approved Institute
06811,Sanjay Ghodawat Institute,Maharashtra State,Approved Institute
06812,"Progressive Education Society's Modern Institute of Business Studies, Nigdi, Pune",Maharashtra State,Approved Institute
06815,"Vidya Prasarini Sabha's College of Engineering & Technology, Lonavala",Maharashtra State,Approved Institute
06822,"Pimpri Chinchwad Education Trust's Pimpri Chinchwad College Of Engineering And Research, Ravet",Maharashtra State,Approved Institute
06834,"Dr.D.Y.Patil College Of Engineering & Innovation,Talegaon",Maharashtra State,Approved Institute
06836,"Dr.D.Y.Patil Institute Of Management & Entrepreneur Development,Talegaon",Maharashtra State,Approved Institute
06839,"Dr. D Y Patil Pratishthan's College of Engineering, Kolhapur",Maharashtra State,Approved Institute
06878,"Dr. A. D. Shinde College Of Engineering, Tal.Gadhinglaj, Kolhapur",Maharashtra State,Approved Institute
06899,"Chhatrapati Shahu Institute of Business Education & Research, Kolhapur",Maharashtra State,Approved Institute
06901,"MAEER's MIT College of Railway Engineering and Research, Jamgaon, Barshi",Maharashtra State,Approved Institute
06938,Shree Siddheshwar Women's College Of Engineering Solapur.,Maharashtra State,Approved Institute
06971,"K.B. Joshi Institute of Information Technology, Pune",Maharashtra State,Approved Institute
06973,"ASMS Institute of Business Management and Research MCA, Pune",Maharashtra State,Approved Institute
06990,Jaihind Institute of Management and Research,Maharashtra State,Approved Institute
06991,"Dr. D.Y. Patil Technical Campus, Varale, Talegaon, Pune",Maharashtra State,Approved Institute
06992,"Pune Cambridge Institute of Management and Computer Application, Ambegaon Pathar, Pune",Maharashtra State,Approved Institute
14005,"Laxminarayan Innovation Technological University, Nagpur",Maharashtra State,Approved Institute
16006,COEP Technological University,Maharashtra State,Approved Institute
16121,"Shri. Anandrao Abitkar College of Engineering, Pal",Maharashtra State,Approved Institute
16122,Pharate Patil Management Institutes,Maharashtra State,Approved Institute
16125,"Vivekanand College, Kolhapur",Maharashtra State,Approved Institute
16126,"Tatyasaheb Kore Institute of Engineering and Technology, Yelur",Maharashtra State,Approved Institute
16130,KARMAVEER HIRE ARTS SCIENCE COMMERCE AND EDUCATION COLLEGE,Maharashtra State,Approved Institute
16145,KARMAVEER BHAURAO PATIL MAHAVIDYALAYA PANDHARPUR AUTONOMOUS,Maharashtra State,Approved Institute
16153,MUDHOJI COLLEGE PHALTAN,Maharashtra State,Approved Institute
16200,"YASHWANTRAO CHAVAN MAHAVIDYALAYA, ISLAMPUR",Maharashtra State,Approved Institute
16207,SADGURU GADGE MAHARAJ COLLEGE KARAD,Maharashtra State,Approved Institute
16216,SANGOLA MAHAVIDYALAYA SANGOLA,Maharashtra State,Approved Institute
16229,DESHBHAKT HARINARAYAN BANKATLAL SONI COLLEGE SOLAPUR,Maharashtra State,Approved Institute
16259,FRIENDS UNION FOR ENERGISING LIVES FUEL COLLEGE,Maharashtra State,Approved Institute
16331,SarSam College of Management & Technology,Maharashtra State,Approved Institute
16351,"Vidya Niketan Institute of Engineering & Technology, Lakhewadi",Maharashtra State,Approved Institute
16352,"Yashoda Mahadeo Kakade College of Engineering, Talegaon",Maharashtra State,Approved Institute
16353,"Shivsamarth Institute of Management, Talmawale",Maharashtra State,Approved Institute
16354,DNYANVILAS COLLEGE OF ENGINEERING,Maharashtra State,Approved Institute
16355,Audyogik Shikshan Mandal's Nextgen Technical Campus,Maharashtra State,Approved Institute
16356,Dr. Sudhakar Rao Jadhavar Institute of Management & Technology,Maharashtra State,Approved Institute
16357,MES MUKUNDDAS LOHIA COLLEGE OF ENGINEERING,Maharashtra State,Approved Institute
16358,Zeal Institute of Technology,Maharashtra State,Approved Institute
16361,"Zeal College of Engineering & Research, Induri, Pune (Off Campus-Induri)",Maharashtra State,Approved Institute
