choice_code,institute_code,branch_name,course
0100310010,01003,Pharm D ( Doctor of Pharmacy),Pharmacy
0100382310,01003,Pharmacy,Pharmacy
0111582310,01115,Pharmacy,Pharmacy
0113182310,01131,Pharmacy,Pharmacy
0113382310,01133,Pharmacy,Pharmacy
0113482310,01134,Pharmacy,Pharmacy
0113582310,01135,Pharmacy,Pharmacy
0113682310,01136,Pharmacy,Pharmacy
0115782310,01157,Pharmacy,Pharmacy
0115882310,01158,Pharmacy,Pharmacy
0115982310,01159,Pharmacy,Pharmacy
0116082310,01160,Pharmacy,Pharmacy
0116182310,01161,Pharmacy,Pharmacy
0116482310,01164,Pharmacy,Pharmacy
0117182310,01171,Pharmacy,Pharmacy
0126482310,01264,Pharmacy,Pharmacy
0127082310,01270,Pharmacy,Pharmacy
0127182310,01271,Pharmacy,Pharmacy
0128082310,01280,Pharmacy,Pharmacy
0128182310,01281,Pharmacy,Pharmacy
0128282310,01282,Pharmacy,Pharmacy
0128382310,01283,Pharmacy,Pharmacy
0128482310,01284,Pharmacy,Pharmacy
0128582310,01285,Pharmacy,Pharmacy
0128682310,01286,Pharmacy,Pharmacy
0129082310,01290,Pharmacy,Pharmacy
0129182310,01291,Pharmacy,Pharmacy
0129282310,01292,Pharmacy,Pharmacy
0129382310,01293,Pharmacy,Pharmacy
0129482310,01294,Pharmacy,Pharmacy
0129582310,01295,Pharmacy,Pharmacy
0129682310,01296,Pharmacy,Pharmacy
0129782310,01297,Pharmacy,Pharmacy
0129982310,01299,Pharmacy,Pharmacy
0130182310,01301,Pharmacy,Pharmacy
0130382310,01303,Pharmacy,Pharmacy
0130482310,01304,Pharmacy,Pharmacy
0130582310,01305,Pharmacy,Pharmacy
0130682310,01306,Pharmacy,Pharmacy
0134382310,01343,Pharmacy,Pharmacy
0200910010,02009,Pharm D ( Doctor of Pharmacy),Pharmacy
0200982310,02009,Pharmacy,Pharmacy
0202982310,02029,Pharmacy,Pharmacy
0211882310,02118,Pharmacy,Pharmacy
0213082310,02130,Pharmacy,Pharmacy
0214782310,02147,Pharmacy,Pharmacy
0214882310,02148,Pharmacy,Pharmacy
0214982310,02149,Pharmacy,Pharmacy
0215110010,02151,Pharm D ( Doctor of Pharmacy),Pharmacy
0215182310,02151,Pharmacy,Pharmacy
0215210010,02152,Pharm D ( Doctor of Pharmacy),Pharmacy
0215282310,02152,Pharmacy,Pharmacy
0215382310,02153,Pharmacy,Pharmacy
0215482310,02154,Pharmacy,Pharmacy
0215682310,02156,Pharmacy,Pharmacy
0215710010,02157,Pharm D ( Doctor of Pharmacy),Pharmacy
0215782310,02157,Pharmacy,Pharmacy
0215882310,02158,Pharmacy,Pharmacy
0220182310,02201,Pharmacy,Pharmacy
0220282310,02202,Pharmacy,Pharmacy
0221982310,02219,Pharmacy,Pharmacy
0222082310,02220,Pharmacy,Pharmacy
0222382310,02223,Pharmacy,Pharmacy
0225182310,02251,Pharmacy,Pharmacy
0225310010,02253,Pharm D ( Doctor of Pharmacy),Pharmacy
0225382310,02253,Pharmacy,Pharmacy
0225482310,02254,Pharmacy,Pharmacy
0251410010,02514,Pharm D ( Doctor of Pharmacy),Pharmacy
0251482310,02514,Pharmacy,Pharmacy
0253882310,02538,Pharmacy,Pharmacy
0253982310,02539,Pharmacy,Pharmacy
0254182310,02541,Pharmacy,Pharmacy
0254282310,02542,Pharmacy,Pharmacy
0254310010,02543,Pharm D ( Doctor of Pharmacy),Pharmacy
0254382310,02543,Pharmacy,Pharmacy
0254582310,02545,Pharmacy,Pharmacy
0254782310,02547,Pharmacy,Pharmacy
0254882310,02548,Pharmacy,Pharmacy
0255082310,02550,Pharmacy,Pharmacy
0255382310,02553,Pharmacy,Pharmacy
0255482310,02554,Pharmacy,Pharmacy
0255582310,02555,Pharmacy,Pharmacy
0255682310,02556,Pharmacy,Pharmacy
0255982310,02559,Pharmacy,Pharmacy
0256082310,02560,Pharmacy,Pharmacy
0256182310,02561,Pharmacy,Pharmacy
0256382310,02563,Pharmacy,Pharmacy
0256482310,02564,Pharmacy,Pharmacy
0256582310,02565,Pharmacy,Pharmacy
0256782310,02567,Pharmacy,Pharmacy
0257282310,02572,Pharmacy,Pharmacy
0257482310,02574,Pharmacy,Pharmacy
0257582310,02575,Pharmacy,Pharmacy
0257682310,02576,Pharmacy,Pharmacy
0257782310,02577,Pharmacy,Pharmacy
0257882310,02578,Pharmacy,Pharmacy
0257982310,02579,Pharmacy,Pharmacy
0258082310,02580,Pharmacy,Pharmacy
0258182310,02581,Pharmacy,Pharmacy
0258382310,02583,Pharmacy,Pharmacy
0258482310,02584,Pharmacy,Pharmacy
0258582310,02585,Pharmacy,Pharmacy
0258682310,02586,Pharmacy,Pharmacy
0258782310,02587,Pharmacy,Pharmacy
0258882310,02588,Pharmacy,Pharmacy
0258982310,02589,Pharmacy,Pharmacy
0259082310,02590,Pharmacy,Pharmacy
0259182310,02591,Pharmacy,Pharmacy
0259282310,02592,Pharmacy,Pharmacy
0259482310,02594,Pharmacy,Pharmacy
0259682310,02596,Pharmacy,Pharmacy
0259782310,02597,Pharmacy,Pharmacy
0260182310,02601,Pharmacy,Pharmacy
0260382310,02603,Pharmacy,Pharmacy
0260482310,02604,Pharmacy,Pharmacy
0260582310,02605,Pharmacy,Pharmacy
0260882310,02608,Pharmacy,Pharmacy
0260982310,02609,Pharmacy,Pharmacy
0261082310,02610,Pharmacy,Pharmacy
0261282310,02612,Pharmacy,Pharmacy
0261382310,02613,Pharmacy,Pharmacy
0261482310,02614,Pharmacy,Pharmacy
0261682310,02616,Pharmacy,Pharmacy
0261782310,02617,Pharmacy,Pharmacy
0261882310,02618,Pharmacy,Pharmacy
0261982310,02619,Pharmacy,Pharmacy
0262082310,02620,Pharmacy,Pharmacy
0262682310,02626,Pharmacy,Pharmacy
0262782310,02627,Pharmacy,Pharmacy
0262882310,02628,Pharmacy,Pharmacy
0262982310,02629,Pharmacy,Pharmacy
0263082310,02630,Pharmacy,Pharmacy
0263982310,02639,Pharmacy,Pharmacy
0264082310,02640,Pharmacy,Pharmacy
0264582310,02645,Pharmacy,Pharmacy
0264782310,02647,Pharmacy,Pharmacy
0265382310,02653,Pharmacy,Pharmacy
0265582310,02655,Pharmacy,Pharmacy
0265682310,02656,Pharmacy,Pharmacy
0266182310,02661,Pharmacy,Pharmacy
0276182310,02761,Pharmacy,Pharmacy
0276382310,02763,Pharmacy,Pharmacy
0276482310,02764,Pharmacy,Pharmacy
0279782310,02797,Pharmacy,Pharmacy
0300582310,03005,Pharmacy,Pharmacy
0301582310,03015,Pharmacy,Pharmacy
0301682310,03016,Pharmacy,Pharmacy
0303682310,03036,Pharmacy,Pharmacy
0316382310,03163,Pharmacy,Pharmacy
0320582310,03205,Pharmacy,Pharmacy
0322582310,03225,Pharmacy,Pharmacy
0322682310,03226,Pharmacy,Pharmacy
0322882310,03228,Pharmacy,Pharmacy
0322982310,03229,Pharmacy,Pharmacy
0323082310,03230,Pharmacy,Pharmacy
0323182310,03231,Pharmacy,Pharmacy
0323282310,03232,Pharmacy,Pharmacy
0323382310,03233,Pharmacy,Pharmacy
0323482310,03234,Pharmacy,Pharmacy
0323582310,03235,Pharmacy,Pharmacy
0323682310,03236,Pharmacy,Pharmacy
0323782310,03237,Pharmacy,Pharmacy
0323882310,03238,Pharmacy,Pharmacy
0323982310,03239,Pharmacy,Pharmacy
0324082310,03240,Pharmacy,Pharmacy
0324182310,03241,Pharmacy,Pharmacy
0324282310,03242,Pharmacy,Pharmacy
0343982310,03439,Pharmacy,Pharmacy
0346482310,03464,Pharmacy,Pharmacy
0348082310,03480,Pharmacy,Pharmacy
0348582310,03485,Pharmacy,Pharmacy
0348682310,03486,Pharmacy,Pharmacy
0348782310,03487,Pharmacy,Pharmacy
0349082310,03490,Pharmacy,Pharmacy
0349282310,03492,Pharmacy,Pharmacy
0349982310,03499,Pharmacy,Pharmacy
0350182310,03501,Pharmacy,Pharmacy
0350482310,03504,Pharmacy,Pharmacy
0350682310,03506,Pharmacy,Pharmacy
0350882310,03508,Pharmacy,Pharmacy
0350982310,03509,Pharmacy,Pharmacy
0351082310,03510,Pharmacy,Pharmacy
0353182310,03531,Pharmacy,Pharmacy
0353282310,03532,Pharmacy,Pharmacy
0353382310,03533,Pharmacy,Pharmacy
0353682310,03536,Pharmacy,Pharmacy
0353782310,03537,Pharmacy,Pharmacy
0354182310,03541,Pharmacy,Pharmacy
0354282310,03542,Pharmacy,Pharmacy
0354382310,03543,Pharmacy,Pharmacy
0354582310,03545,Pharmacy,Pharmacy
0371082310,03710,Pharmacy,Pharmacy
0371182310,03711,Pharmacy,Pharmacy
0371282310,03712,Pharmacy,Pharmacy
0371482310,03714,Pharmacy,Pharmacy
0371582310,03715,Pharmacy,Pharmacy
0371682310,03716,Pharmacy,Pharmacy
0372882310,03728,Pharmacy,Pharmacy
0400682310,04006,Pharmacy,Pharmacy
0402082370,04020,Pharmacy,Pharmacy
0416082310,04160,Pharmacy,Pharmacy
0416182310,04161,Pharmacy,Pharmacy
0419982310,04199,Pharmacy,Pharmacy
0420182310,04201,Pharmacy,Pharmacy
0420282310,04202,Pharmacy,Pharmacy
0420482310,04204,Pharmacy,Pharmacy
0420582310,04205,Pharmacy,Pharmacy
0420682310,04206,Pharmacy,Pharmacy
0420782310,04207,Pharmacy,Pharmacy
0420882310,04208,Pharmacy,Pharmacy
0420982310,04209,Pharmacy,Pharmacy
0421082310,04210,Pharmacy,Pharmacy
0421382310,04213,Pharmacy,Pharmacy
0426182310,04261,Pharmacy,Pharmacy
0426382310,04263,Pharmacy,Pharmacy
0426582310,04265,Pharmacy,Pharmacy
0426982310,04269,Pharmacy,Pharmacy
0427082310,04270,Pharmacy,Pharmacy
0427182310,04271,Pharmacy,Pharmacy
0427282310,04272,Pharmacy,Pharmacy
0427482310,04274,Pharmacy,Pharmacy
0427882310,04278,Pharmacy,Pharmacy
0427982310,04279,Pharmacy,Pharmacy
0428082310,04280,Pharmacy,Pharmacy
0428382310,04283,Pharmacy,Pharmacy
0464382310,04643,Pharmacy,Pharmacy
0465082310,04650,Pharmacy,Pharmacy
0465182310,04651,Pharmacy,Pharmacy
0465282310,04652,Pharmacy,Pharmacy
0465482310,04654,Pharmacy,Pharmacy
0465682310,04656,Pharmacy,Pharmacy
0465882310,04658,Pharmacy,Pharmacy
0465982310,04659,Pharmacy,Pharmacy
0466082310,04660,Pharmacy,Pharmacy
0466482310,04664,Pharmacy,Pharmacy
0466582310,04665,Pharmacy,Pharmacy
0467382310,04673,Pharmacy,Pharmacy
0467782310,04677,Pharmacy,Pharmacy
0468082310,04680,Pharmacy,Pharmacy
0468282310,04682,Pharmacy,Pharmacy
0468582310,04685,Pharmacy,Pharmacy
0468882310,04688,Pharmacy,Pharmacy
0469082310,04690,Pharmacy,Pharmacy
0469282310,04692,Pharmacy,Pharmacy
0469382310,04693,Pharmacy,Pharmacy
0469482310,04694,Pharmacy,Pharmacy
0469582310,04695,Pharmacy,Pharmacy
0469782310,04697,Pharmacy,Pharmacy
0469882310,04698,Pharmacy,Pharmacy
0475182310,04751,Pharmacy,Pharmacy
0475682310,04756,Pharmacy,Pharmacy
0500582310,05005,Pharmacy,Pharmacy
0515410010,05154,Pharm D ( Doctor of Pharmacy),Pharmacy
0515482310,05154,Pharmacy,Pharmacy
0515582310,05155,Pharmacy,Pharmacy
0518510010,05185,Pharm D ( Doctor of Pharmacy),Pharmacy
0518582310,05185,Pharmacy,Pharmacy
0518610010,05186,Pharm D ( Doctor of Pharmacy),Pharmacy
0518682310,05186,Pharmacy,Pharmacy
0518782310,05187,Pharmacy,Pharmacy
0518982310,05189,Pharmacy,Pharmacy
0519082310,05190,Pharmacy,Pharmacy
0519110010,05191,Pharm D ( Doctor of Pharmacy),Pharmacy
0519182310,05191,Pharmacy,Pharmacy
0519282310,05192,Pharmacy,Pharmacy
0519382310,05193,Pharmacy,Pharmacy
0519482310,05194,Pharmacy,Pharmacy
0519582310,05195,Pharmacy,Pharmacy
0519682310,05196,Pharmacy,Pharmacy
0519710010,05197,Pharm D ( Doctor of Pharmacy),Pharmacy
0519782310,05197,Pharmacy,Pharmacy
0519882310,05198,Pharmacy,Pharmacy
0519982310,05199,Pharmacy,Pharmacy
0520082310,05200,Pharmacy,Pharmacy
0520282310,05202,Pharmacy,Pharmacy
0520382310,05203,Pharmacy,Pharmacy
0520482310,05204,Pharmacy,Pharmacy
0520582310,05205,Pharmacy,Pharmacy
0520682310,05206,Pharmacy,Pharmacy
0520710010,05207,Pharm D ( Doctor of Pharmacy),Pharmacy
0520782310,05207,Pharmacy,Pharmacy
0520882310,05208,Pharmacy,Pharmacy
0520910010,05209,Pharm D ( Doctor of Pharmacy),Pharmacy
0520982310,05209,Pharmacy,Pharmacy
0521082310,05210,Pharmacy,Pharmacy
0521182310,05211,Pharmacy,Pharmacy
0521282310,05212,Pharmacy,Pharmacy
0526482310,05264,Pharmacy,Pharmacy
0526782310,05267,Pharmacy,Pharmacy
0527282310,05272,Pharmacy,Pharmacy
0527482310,05274,Pharmacy,Pharmacy
0527682310,05276,Pharmacy,Pharmacy
0527882310,05278,Pharmacy,Pharmacy
0527982310,05279,Pharmacy,Pharmacy
0528182310,05281,Pharmacy,Pharmacy
0528282310,05282,Pharmacy,Pharmacy
0528382310,05283,Pharmacy,Pharmacy
0528682310,05286,Pharmacy,Pharmacy
0528782310,05287,Pharmacy,Pharmacy
0529282310,05292,Pharmacy,Pharmacy
0529382310,05293,Pharmacy,Pharmacy
0529482310,05294,Pharmacy,Pharmacy
0530382310,05303,Pharmacy,Pharmacy
0539182310,05391,Pharmacy,Pharmacy
0540510010,05405,Pharm D ( Doctor of Pharmacy),Pharmacy
0540582310,05405,Pharmacy,Pharmacy
0540782310,05407,Pharmacy,Pharmacy
0541082310,05410,Pharmacy,Pharmacy
0541682310,05416,Pharmacy,Pharmacy
0542182310,05421,Pharmacy,Pharmacy
0542482310,05424,Pharmacy,Pharmacy
0542582310,05425,Pharmacy,Pharmacy
0542782310,05427,Pharmacy,Pharmacy
0542882310,05428,Pharmacy,Pharmacy
0542982310,05429,Pharmacy,Pharmacy
0543082310,05430,Pharmacy,Pharmacy
0543582310,05435,Pharmacy,Pharmacy
0543782310,05437,Pharmacy,Pharmacy
0543982310,05439,Pharmacy,Pharmacy
0544282310,05442,Pharmacy,Pharmacy
0544382310,05443,Pharmacy,Pharmacy
0544682310,05446,Pharmacy,Pharmacy
0545082310,05450,Pharmacy,Pharmacy
0545182310,05451,Pharmacy,Pharmacy
0545282310,05452,Pharmacy,Pharmacy
0545482310,05454,Pharmacy,Pharmacy
0545582310,05455,Pharmacy,Pharmacy
0545982310,05459,Pharmacy,Pharmacy
0546082310,05460,Pharmacy,Pharmacy
0546182310,05461,Pharmacy,Pharmacy
0546282310,05462,Pharmacy,Pharmacy
0546382310,05463,Pharmacy,Pharmacy
0546682310,05466,Pharmacy,Pharmacy
0546782310,05467,Pharmacy,Pharmacy
0546882310,05468,Pharmacy,Pharmacy
0546982310,05469,Pharmacy,Pharmacy
0547182310,05471,Pharmacy,Pharmacy
0547282310,05472,Pharmacy,Pharmacy
0547382310,05473,Pharmacy,Pharmacy
0547482310,05474,Pharmacy,Pharmacy
0547682310,05476,Pharmacy,Pharmacy
0547782310,05477,Pharmacy,Pharmacy
0547882310,05478,Pharmacy,Pharmacy
0547982310,05479,Pharmacy,Pharmacy
0548082310,05480,Pharmacy,Pharmacy
0548182310,05481,Pharmacy,Pharmacy
0548282310,05482,Pharmacy,Pharmacy
0548682310,05486,Pharmacy,Pharmacy
0548882310,05488,Pharmacy,Pharmacy
0549182310,05491,Pharmacy,Pharmacy
0549282310,05492,Pharmacy,Pharmacy
0549582310,05495,Pharmacy,Pharmacy
0550082310,05500,Pharmacy,Pharmacy
0550382310,05503,Pharmacy,Pharmacy
0550582310,05505,Pharmacy,Pharmacy
0550682310,05506,Pharmacy,Pharmacy
0550782310,05507,Pharmacy,Pharmacy
0551482310,05514,Pharmacy,Pharmacy
0551882310,05518,Pharmacy,Pharmacy
0551982310,05519,Pharmacy,Pharmacy
0552082310,05520,Pharmacy,Pharmacy
0552282310,05522,Pharmacy,Pharmacy
0553182310,05531,Pharmacy,Pharmacy
0553382310,05533,Pharmacy,Pharmacy
0553682310,05536,Pharmacy,Pharmacy
0554082310,05540,Pharmacy,Pharmacy
0554182310,05541,Pharmacy,Pharmacy
0565382310,05653,Pharmacy,Pharmacy
0565682310,05656,Pharmacy,Pharmacy
0565882310,05658,Pharmacy,Pharmacy
0566482310,05664,Pharmacy,Pharmacy
0567682310,05676,Pharmacy,Pharmacy
0567782310,05677,Pharmacy,Pharmacy
0600882310,06008,Pharmacy,Pharmacy
0625682310,06256,Pharmacy,Pharmacy
0625782310,06257,Pharmacy,Pharmacy
0625882310,06258,Pharmacy,Pharmacy
0635582310,06355,Pharmacy,Pharmacy
0635610010,06356,Pharm D ( Doctor of Pharmacy),Pharmacy
0635682310,06356,Pharmacy,Pharmacy
0635882310,06358,Pharmacy,Pharmacy
0636182310,06361,Pharmacy,Pharmacy
0636282310,06362,Pharmacy,Pharmacy
0636382310,06363,Pharmacy,Pharmacy
0636410010,06364,Pharm D ( Doctor of Pharmacy),Pharmacy
0636482310,06364,Pharmacy,Pharmacy
0636582310,06365,Pharmacy,Pharmacy
0636782310,06367,Pharmacy,Pharmacy
0636882310,06368,Pharmacy,Pharmacy
0636982310,06369,Pharmacy,Pharmacy
0637010010,06370,Pharm D ( Doctor of Pharmacy),Pharmacy
0637082310,06370,Pharmacy,Pharmacy
0637110010,06371,Pharm D ( Doctor of Pharmacy),Pharmacy
0637182310,06371,Pharmacy,Pharmacy
0637282310,06372,Pharmacy,Pharmacy
0637682310,06376,Pharmacy,Pharmacy
0637782310,06377,Pharmacy,Pharmacy
0637882310,06378,Pharmacy,Pharmacy
0638010010,06380,Pharm D ( Doctor of Pharmacy),Pharmacy
0638082310,06380,Pharmacy,Pharmacy
0638110010,06381,Pharm D ( Doctor of Pharmacy),Pharmacy
0638182310,06381,Pharmacy,Pharmacy
0638282310,06382,Pharmacy,Pharmacy
0638310010,06383,Pharm D ( Doctor of Pharmacy),Pharmacy
0638382310,06383,Pharmacy,Pharmacy
0638482310,06384,Pharmacy,Pharmacy
0638582310,06385,Pharmacy,Pharmacy
0638782310,06387,Pharmacy,Pharmacy
0638882310,06388,Pharmacy,Pharmacy
0638982310,06389,Pharmacy,Pharmacy
0639082310,06390,Pharmacy,Pharmacy
0639182310,06391,Pharmacy,Pharmacy
0639282310,06392,Pharmacy,Pharmacy
0639382310,06393,Pharmacy,Pharmacy
0639482310,06394,Pharmacy,Pharmacy
0639582310,06395,Pharmacy,Pharmacy
0639682310,06396,Pharmacy,Pharmacy
0639782310,06397,Pharmacy,Pharmacy
0639882310,06398,Pharmacy,Pharmacy
0639982310,06399,Pharmacy,Pharmacy
0640082310,06400,Pharmacy,Pharmacy
0648382310,06483,Pharmacy,Pharmacy
0648882310,06488,Pharmacy,Pharmacy
0649110010,06491,Pharm D ( Doctor of Pharmacy),Pharmacy
0649182310,06491,Pharmacy,Pharmacy
0650182310,06501,Pharmacy,Pharmacy
0650382310,06503,Pharmacy,Pharmacy
0650482310,06504,Pharmacy,Pharmacy
0650982310,06509,Pharmacy,Pharmacy
0651082310,06510,Pharmacy,Pharmacy
0651682310,06516,Pharmacy,Pharmacy
0661610010,06616,Pharm D ( Doctor of Pharmacy),Pharmacy
0661682310,06616,Pharmacy,Pharmacy
0665282310,06652,Pharmacy,Pharmacy
0675710010,06757,Pharm D ( Doctor of Pharmacy),Pharmacy
0675782310,06757,Pharmacy,Pharmacy
0682082310,06820,Pharmacy,Pharmacy
0682382310,06823,Pharmacy,Pharmacy
0683382310,06833,Pharmacy,Pharmacy
0683582310,06835,Pharmacy,Pharmacy
0687982310,06879,Pharmacy,Pharmacy
0688682310,06886,Pharmacy,Pharmacy
0689082310,06890,Pharmacy,Pharmacy
0689182310,06891,Pharmacy,Pharmacy
0689382310,06893,Pharmacy,Pharmacy
0690082310,06900,Pharmacy,Pharmacy
0690282310,06902,Pharmacy,Pharmacy
0690482310,06904,Pharmacy,Pharmacy
0690582310,06905,Pharmacy,Pharmacy
0690682310,06906,Pharmacy,Pharmacy
0690782310,06907,Pharmacy,Pharmacy
0690882310,06908,Pharmacy,Pharmacy
0690982310,06909,Pharmacy,Pharmacy
0691082310,06910,Pharmacy,Pharmacy
0691482310,06914,Pharmacy,Pharmacy
0691582310,06915,Pharmacy,Pharmacy
0692382310,06923,Pharmacy,Pharmacy
0692782310,06927,Pharmacy,Pharmacy
0693082310,06930,Pharmacy,Pharmacy
0693182310,06931,Pharmacy,Pharmacy
0693282310,06932,Pharmacy,Pharmacy
0693482310,06934,Pharmacy,Pharmacy
0693582310,06935,Pharmacy,Pharmacy
0693682310,06936,Pharmacy,Pharmacy
0693782310,06937,Pharmacy,Pharmacy
0694210010,06942,Pharm D ( Doctor of Pharmacy),Pharmacy
0694282310,06942,Pharmacy,Pharmacy
0694382310,06943,Pharmacy,Pharmacy
0695182310,06951,Pharmacy,Pharmacy
0695282310,06952,Pharmacy,Pharmacy
0695382310,06953,Pharmacy,Pharmacy
0695482310,06954,Pharmacy,Pharmacy
0695682310,06956,Pharmacy,Pharmacy
0695782310,06957,Pharmacy,Pharmacy
0695882310,06958,Pharmacy,Pharmacy
0696182310,06961,Pharmacy,Pharmacy
0696282310,06962,Pharmacy,Pharmacy
0696482310,06964,Pharmacy,Pharmacy
0696582310,06965,Pharmacy,Pharmacy
0698082310,06980,Pharmacy,Pharmacy
0698182310,06981,Pharmacy,Pharmacy
0698282310,06982,Pharmacy,Pharmacy
0698582310,06985,Pharmacy,Pharmacy
0698982310,06989,Pharmacy,Pharmacy
1610382310,16103,Pharmacy,Pharmacy
1610482310,16104,Pharmacy,Pharmacy
1610782310,16107,Pharmacy,Pharmacy
1610982310,16109,Pharmacy,Pharmacy
1611082310,16110,Pharmacy,Pharmacy
1611282310,16112,Pharmacy,Pharmacy
1611682310,16116,Pharmacy,Pharmacy
1611782310,16117,Pharmacy,Pharmacy
1633582310,16335,Pharmacy,Pharmacy
1633682310,16336,Pharmacy,Pharmacy
1633782310,16337,Pharmacy,Pharmacy
1633882310,16338,Pharmacy,Pharmacy
1633982310,16339,Pharmacy,Pharmacy
1634082310,16340,Pharmacy,Pharmacy
1634182310,16341,Pharmacy,Pharmacy
1634382310,16343,Pharmacy,Pharmacy
1634782310,16347,Pharmacy,Pharmacy
0130782310,01307,Pharmacy,Pharmacy
0131182310,01311,Pharmacy,Pharmacy
0134582310,01345,Pharmacy,Pharmacy
0259882310,02598,Pharmacy,Pharmacy
0260282310,02602,Pharmacy,Pharmacy
0279882310,02798,Pharmacy,Pharmacy
0318682310,03186,Pharmacy,Pharmacy
0329882310,03298,Pharmacy,Pharmacy
0349382310,03493,Pharmacy,Pharmacy
0354082310,03540,Pharmacy,Pharmacy
0529582310,05295,Pharmacy,Pharmacy
0546482310,05464,Pharmacy,Pharmacy
0552382310,05523,Pharmacy,Pharmacy
1611982310,16119,Pharmacy,Pharmacy
1634282310,16342,Pharmacy,Pharmacy
1634482310,16344,Pharmacy,Pharmacy
0278682310,02786,Pharmacy,Pharmacy
0350082310,03500,Pharmacy,Pharmacy
0530082310,05300,Pharmacy,Pharmacy
0551782310,05517,Pharmacy,Pharmacy
0553482310,05534,Pharmacy,Pharmacy
0698882310,06988,Pharmacy,Pharmacy
1611182310,16111,Pharmacy,Pharmacy
0202782370,02027,Pharmacy,Pharmacy
0259382310,02593,Pharmacy,Pharmacy
0264982310,02649,Pharmacy,Pharmacy
0265882310,02658,Pharmacy,Pharmacy
0276282310,02762,Pharmacy,Pharmacy
0301582370,03015,Pharmacy,Pharmacy
0301782350,03017,Pharmacy,Pharmacy
0466982310,04669,Pharmacy,Pharmacy
0468982310,04689,Pharmacy,Pharmacy
0474982310,04749,Pharmacy,Pharmacy
0475382310,04753,Pharmacy,Pharmacy
0500582370,05005,Pharmacy,Pharmacy
0520182350,05201,Pharmacy,Pharmacy
0544082310,05440,Pharmacy,Pharmacy
0548482310,05484,Pharmacy,Pharmacy
0549382310,05493,Pharmacy,Pharmacy
0549482310,05494,Pharmacy,Pharmacy
0550182310,05501,Pharmacy,Pharmacy
0551582310,05515,Pharmacy,Pharmacy
0552882310,05528,Pharmacy,Pharmacy
0553882310,05538,Pharmacy,Pharmacy
0554282310,05542,Pharmacy,Pharmacy
0565782310,05657,Pharmacy,Pharmacy
0682782310,06827,Pharmacy,Pharmacy
0682982350,06829,Pharmacy,Pharmacy
0696382310,06963,Pharmacy,Pharmacy
1611382310,16113,Pharmacy,Pharmacy
